samp 	2	1	1	1	5	11.61	0.5	2	5.8	23.22	0	1.29	0	0	0	0	4	1	4	1	1	-1
samp 	2	1	1	1	4	8	0.67	1.5	5.33	12	0	0.67	0	0	0	0	3	1	3	1	1	-1
samp 	2	1	1	1	4	8	0.67	1.5	5.33	12	0	0.67	0	0	0	0	3	1	3	1	1	-1
samp 	2	1	1	1	4	8	0.67	1.5	5.33	12	0	0.67	0	0	0	0	3	1	3	1	1	-1
samp 	2	1	1	1	4	8	0.67	1.5	5.33	12	0	0.67	0	0	0	0	3	1	3	1	1	-1
samp 	2	1	1	1	4	8	0.67	1.5	5.33	12	0	0.67	0	0	0	0	3	1	3	1	1	-1
samp 	2	1	1	1	4	8	0.67	1.5	5.33	12	0	0.67	0	0	0	0	3	1	3	1	1	-1
samp 	1	1	1	1	4	8	0.67	1.5	5.33	12	0	0.67	0	0	0	0	3	1	3	1	1	-1
samp 	1	1	1	1	9	25.27	0.67	1.5	16.84	37.9	0.01	2.11	0	0	0	0	3	4	5	4	1	-1
samp 	2	1	1	1	5	11.61	0.67	1.5	7.74	17.41	0	0.97	0	0	0	0	3	2	3	2	1	-1
samp 	2	1	1	1	5	11.61	0.67	1.5	7.74	17.41	0	0.97	0	0	0	0	3	2	3	2	1	-1
samp 	2	1	1	1	5	11.61	0.67	1.5	7.74	17.41	0	0.97	0	0	0	0	3	2	3	2	1	-1
samp 	2	1	1	1	4	8	0.67	1.5	5.33	12	0	0.67	0	0	0	0	3	1	3	1	1	-1
samp 	2	1	1	1	4	8	0.67	1.5	5.33	12	0	0.67	0	0	0	0	3	1	3	1	1	-1
samp 	2	1	1	1	4	8	0.67	1.5	5.33	12	0	0.67	1	0	0	0	3	1	3	1	1	-1
samp 	2	1	1	1	4	8	0.67	1.5	5.33	12	0	0.67	1	0	0	0	3	1	3	1	1	-1
samp 	2	1	1	1	4	8	0.67	1.5	5.33	12	0	0.67	0	0	0	0	3	1	3	1	1	-1
samp 	2	1	1	1	4	8	0.67	1.5	5.33	12	0	0.67	0	0	0	0	3	1	3	1	1	-1
samp 	2	1	1	1	4	8	0.67	1.5	5.33	12	0	0.67	0	0	0	0	3	1	3	1	1	-1
samp 	2	1	1	1	4	8	0.67	1.5	5.33	12	0	0.67	0	0	0	0	3	1	3	1	1	-1
samp 	2	1	1	1	4	8	0.67	1.5	5.33	12	0	0.67	0	0	0	0	3	1	3	1	1	-1
samp 	1	1	1	1	4	8	0.67	1.5	5.33	12	0	0.67	0	0	0	0	3	1	3	1	1	-1
samp 	2	1	1	1	4	8	0.67	1.5	5.33	12	0	0.67	0	0	0	0	3	1	3	1	1	-1
samp 	2	1	1	1	4	8	0.67	1.5	5.33	12	0	0.67	1	0	0	0	3	1	3	1	1	-1
samp 	1	1	1	1	4	8	0.67	1.5	5.33	12	0	0.67	0	0	0	0	3	1	3	1	1	-1
samp 	2	1	1	1	4	8	0.67	1.5	5.33	12	0	0.67	0	0	0	0	3	1	3	1	1	-1
samp 	2	1	1	1	4	8	0.67	1.5	5.33	12	0	0.67	0	0	0	0	3	1	3	1	1	-1
samp 	2	1	1	1	4	8	0.67	1.5	5.33	12	0	0.67	0	0	0	0	3	1	3	1	1	-1
samp 	2	1	1	1	4	8	0.67	1.5	5.33	12	0	0.67	0	0	0	0	3	1	3	1	1	-1
samp 	2	1	1	1	4	8	0.67	1.5	5.33	12	0	0.67	0	0	0	0	3	1	3	1	1	-1
samp 	8	1	1	1	13	44.97	0.19	5.33	8.43	239.85	0.01	13.33	6	0	0	0	8	3	9	4	1	-1
samp 	2	1	1	1	4	8	0.67	1.5	5.33	12	0	0.67	0	0	0	0	3	1	3	1	1	-1
samp 	1	1	1	1	4	8	0.67	1.5	5.33	12	0	0.67	0	0	0	0	3	1	3	1	1	-1
samp 	2	1	1	1	4	8	0.67	1.5	5.33	12	0	0.67	0	0	0	0	3	1	3	1	1	-1
samp 	2	1	1	1	4	8	0.67	1.5	5.33	12	0	0.67	1	0	0	0	3	1	3	1	1	-1
samp 	2	1	1	1	4	8	0.67	1.5	5.33	12	0	0.67	1	0	0	0	3	1	3	1	1	-1
samp 	2	1	1	1	4	8	0.67	1.5	5.33	12	0	0.67	0	0	0	0	3	1	3	1	1	-1
samp 	2	1	1	1	4	8	0.67	1.5	5.33	12	0	0.67	0	0	0	0	3	1	3	1	1	-1
samp 	2	1	1	1	4	8	0.67	1.5	5.33	12	0	0.67	0	0	0	0	3	1	3	1	1	-1
samp 	2	1	1	1	4	8	0.67	1.5	5.33	12	0	0.67	1	0	0	0	3	1	3	1	1	-1
samp 	2	1	1	1	4	8	0.67	1.5	5.33	12	0	0.67	0	0	0	0	3	1	3	1	1	-1
samp 	2	1	1	1	4	8	0.67	1.5	5.33	12	0	0.67	0	0	0	0	3	1	3	1	1	-1
samp 	2	1	1	1	4	8	0.67	1.5	5.33	12	0	0.67	0	0	0	0	3	1	3	1	1	-1
samp 	2	1	1	1	4	8	0.67	1.5	5.33	12	0	0.67	0	0	0	0	3	1	3	1	1	-1
samp 	2	1	1	1	4	8	0.67	1.5	5.33	12	0	0.67	0	0	0	0	3	1	3	1	1	-1
samp 	2	1	1	1	4	8	0.67	1.5	5.33	12	0	0.67	0	0	0	0	3	1	3	1	1	-1
samp 	2	1	1	1	4	8	0.67	1.5	5.33	12	0	0.67	0	0	0	0	3	1	3	1	1	-1
samp 	2	1	1	1	4	8	0.67	1.5	5.33	12	0	0.67	0	0	0	0	3	1	3	1	1	-1
samp 	23	1	1	1	65	301.85	0.08	12.18	24.79	3676.11	0.1	204.23	16	0	5	0	11	14	34	31	1	-1
samp 	2	1	1	1	4	8	0.67	1.5	5.33	12	0	0.67	0	0	0	0	3	1	3	1	1	-1
samp 	6	1	1	1	9	28.53	0.33	3	9.51	85.59	0.01	4.75	4	0	0	0	6	3	6	3	1	-1
samp 	2	1	1	1	6	15.51	0.4	2.5	6.2	38.77	0.01	2.15	0	0	0	0	5	1	5	1	1	-1
samp 	2	1	1	1	6	15.51	0.4	2.5	6.2	38.77	0.01	2.15	0	0	0	0	5	1	5	1	1	-1
samp 	2	1	1	1	5	11.61	0.5	2	5.8	23.22	0	1.29	0	0	0	0	4	1	4	1	1	-1
samp 	2	1	1	1	5	11.61	0.5	2	5.8	23.22	0	1.29	0	0	0	0	4	1	4	1	1	-1
samp 	5	1	1	1	11	28.43	0.25	4	7.11	113.74	0.01	6.32	3	0	0	0	4	2	7	4	1	-1
samp 	6	1	1	1	9	28.53	0.33	3	9.51	85.59	0.01	4.75	2	0	2	0	6	3	6	3	1	-1
samp 	1	1	1	1	4	8	0.67	1.5	5.33	12	0	0.67	0	0	0	0	3	1	3	1	1	-1
samp 	2	2	1	1	8	24	0.4	2.5	9.6	60	0.01	3.33	0	0	0	0	5	3	5	3	3	-1
samp 	1	1	1	1	4	8	0.67	1.5	5.33	12	0	0.67	0	0	0	0	3	1	3	1	1	-1
samp 	3	3	1	2	15	53.77	0.17	6	8.96	322.65	0.02	17.92	1	0	0	0	9	3	11	4	5	-1
samp 	3	3	1	2	16	57.36	0.17	6	9.56	344.16	0.02	19.12	1	0	0	0	9	3	12	4	5	-1
samp 	2	1	1	1	4	8	0.67	1.5	5.33	12	0	0.67	0	0	0	0	3	1	3	1	1	-1
samp 	2	2	1	2	9	27	0.14	7	3.86	189	0.01	10.5	0	0	0	0	7	1	7	2	3	-1
samp 	2	1	1	1	4	8	0.67	1.5	5.33	12	0	0.67	0	0	0	0	3	1	3	1	1	-1
samp 	13	3	3	2	21	77.71	0.21	4.8	16.19	373	0.03	20.72	10	0	1	0	8	5	15	6	5	-1
samp 	1	1	1	1	4	8	0.67	1.5	5.33	12	0	0.67	0	0	0	0	3	1	3	1	1	-1
samp 	2	2	1	2	9	27	0.14	7	3.86	189	0.01	10.5	0	0	0	0	7	1	7	2	3	-1
samp 	3	3	3	2	14	53.3	0.22	4.5	11.85	239.86	0.02	13.33	1	0	0	0	9	5	9	5	5	-1
samp 	2	1	1	1	5	11.61	0.67	1.5	7.74	17.41	0	0.97	0	0	0	0	3	2	3	2	1	-1
samp 	2	1	1	1	4	8	0.67	1.5	5.33	12	0	0.67	0	0	0	0	3	1	3	1	1	-1
samp 	13	2	1	1	21	82.04	0.14	7	11.72	574.31	0.03	31.91	7	0	4	0	10	5	14	7	3	-1
samp 	2	1	1	1	5	11.61	0.67	1.5	7.74	17.41	0	0.97	0	0	0	0	3	2	3	2	1	-1
samp 	3	1	1	1	9	23.26	0.5	2	11.63	46.53	0.01	2.58	1	0	0	0	3	3	5	4	1	-1
samp 	2	1	1	1	5	11.61	0.67	1.5	7.74	17.41	0	0.97	0	0	0	0	3	2	3	2	1	-1
samp 	4	1	1	1	4	8	0.67	1.5	5.33	12	0	0.67	0	0	0	0	3	1	3	1	1	-1
samp 	4	1	1	1	4	8	0.67	1.5	5.33	12	0	0.67	0	0	0	0	3	1	3	1	1	-1
samp 	4	1	1	1	4	8	0.67	1.5	5.33	12	0	0.67	0	0	0	0	3	1	3	1	1	-1
samp 	4	1	1	1	4	8	0.67	1.5	5.33	12	0	0.67	0	0	0	0	3	1	3	1	1	-1
samp 	4	1	1	1	4	8	0.67	1.5	5.33	12	0	0.67	0	0	0	0	3	1	3	1	1	-1
samp 	4	1	1	1	4	8	0.67	1.5	5.33	12	0	0.67	0	0	0	0	3	1	3	1	1	-1
samp 	2	1	1	1	4	8	0.67	1.5	5.33	12	0	0.67	0	0	0	0	3	1	3	1	1	-1
samp 	1	1	1	1	1	0	0	0	0	0	0	0	0	0	0	0	1	0	1	0	1	-1
samp 	4	1	1	1	4	8	0.67	1.5	5.33	12	0	0.67	0	0	0	0	3	1	3	1	1	-1
samp 	1	1	1	1	1	0	0	0	0	0	0	0	0	0	0	0	1	0	1	0	1	-1
samp 	4	1	1	1	4	8	0.67	1.5	5.33	12	0	0.67	0	0	0	0	3	1	3	1	1	-1
samp 	4	1	1	1	4	8	0.67	1.5	5.33	12	0	0.67	0	0	0	0	3	1	3	1	1	-1
samp 	4	1	1	1	4	8	0.67	1.5	5.33	12	0	0.67	0	0	0	0	3	1	3	1	1	-1
samp 	4	1	1	1	4	8	0.67	1.5	5.33	12	0	0.67	0	0	0	0	3	1	3	1	1	-1
samp 	4	1	1	1	4	8	0.67	1.5	5.33	12	0	0.67	0	0	0	0	3	1	3	1	1	-1
samp 	2	1	1	1	8	24	0.33	3	8	72	0.01	4	0	0	0	0	6	2	6	2	1	-1
samp 	3	1	1	1	14	44.38	0.25	4	11.09	177.52	0.01	9.86	0	0	0	0	8	1	13	1	1	-1
samp 	28	3	3	2	119	628.96	0.07	13.75	45.74	8648.24	0.21	480.46	22	0	4	0	13	26	64	55	5	-1
samp 	4	1	1	1	4	8	0.67	1.5	5.33	12	0	0.67	2	0	0	0	3	1	3	1	1	-1
samp 	2	1	1	1	7	18.09	0.5	2	9.05	36.19	0.01	2	0	0	0	0	4	2	5	2	1	-1
samp 	7	1	1	1	16	53.15	0.27	3.75	14.17	199.32	0.02	11.07	4	1	0	0	6	4	11	5	1	-1
samp 	9	2	1	1	17	58.81	0.15	6.67	8.82	392.07	0.02	21.78	7	0	0	0	8	3	12	5	3	-1
samp 	4	1	1	1	6	15.51	0.5	2	7.75	31.02	0.01	1.72	0	0	0	0	4	2	4	2	1	-1
samp 	2	1	1	1	5	11.61	0.5	2	5.8	23.22	0	1.29	0	0	0	0	4	1	4	1	1	-1
samp 	2	1	1	1	5	11.61	0.67	1.5	7.74	17.41	0	0.97	0	0	0	0	3	2	3	2	1	-1
samp 	2	1	1	1	5	11.61	0.67	1.5	7.74	17.41	0	0.97	0	0	0	0	3	2	3	2	1	-1
samp 	2	1	1	1	5	11.61	0.67	1.5	7.74	17.41	0	0.97	0	0	0	0	3	2	3	2	1	-1
samp 	27	5	4	5	63	288.85	0.07	14.7	19.65	4246.13	0.1	235.9	19	3	3	0	14	10	42	21	9	-1
samp 	2	1	1	1	5	11.61	0.67	1.5	7.74	17.41	0	0.97	0	0	0	0	3	2	3	2	1	-1
samp 	1	1	1	1	5	11.61	0.67	1.5	7.74	17.41	0	0.97	0	0	0	0	3	2	3	2	1	-1
samp 	5	2	1	1	17	68	0.22	4.5	15.11	306	0.02	17	3	0	0	0	9	7	10	7	3	-1
samp 	5	2	1	1	17	68	0.22	4.5	15.11	306	0.02	17	3	0	0	0	9	7	10	7	3	-1
samp 	5	2	1	1	17	68	0.22	4.5	15.11	306	0.02	17	3	0	0	0	9	7	10	7	3	-1
samp 	5	2	1	1	17	68	0.22	4.5	15.11	306	0.02	17	3	0	0	0	9	7	10	7	3	-1
samp 	5	2	1	1	17	68	0.22	4.5	15.11	306	0.02	17	3	0	0	0	9	7	10	7	3	-1
samp 	5	2	1	1	17	68	0.22	4.5	15.11	306	0.02	17	3	0	0	0	9	7	10	7	3	-1
samp 	4	1	1	1	5	11.61	0.67	1.5	7.74	17.41	0	0.97	0	0	0	0	3	2	3	2	1	-1
samp 	4	1	1	1	5	11.61	0.67	1.5	7.74	17.41	0	0.97	0	0	0	0	3	2	3	2	1	-1
samp 	1	1	1	1	5	11.61	0.67	1.5	7.74	17.41	0	0.97	0	0	0	0	3	2	3	2	1	-1
samp 	35	6	3	5	125	630.55	0.05	21.37	29.51	13473.84	0.21	748.55	32	0	1	0	14	19	67	58	11	-1
samp 	8	1	1	1	9	25.27	0.67	1.5	16.84	37.9	0.01	2.11	3	0	0	0	3	4	5	4	1	-1
samp 	10	2	1	2	11	34.87	0.25	4	8.72	139.48	0.01	7.75	5	0	0	0	6	3	7	4	3	-1
samp 	2	1	1	1	5	11.61	0.67	1.5	7.74	17.41	0	0.97	0	0	0	0	3	2	3	2	1	-1
samp 	5	2	1	1	17	68	0.22	4.5	15.11	306	0.02	17	3	0	0	0	9	7	10	7	3	-1
samp 	5	2	1	1	17	68	0.22	4.5	15.11	306	0.02	17	3	0	0	0	9	7	10	7	3	-1
samp 	5	2	1	1	17	68	0.22	4.5	15.11	306	0.02	17	3	0	0	0	9	7	10	7	3	-1
samp 	5	2	1	1	17	68	0.22	4.5	15.11	306	0.02	17	3	0	0	0	9	7	10	7	3	-1
samp 	2	1	1	1	5	11.61	0.67	1.5	7.74	17.41	0	0.97	0	0	0	0	3	2	3	2	1	-1
samp 	2	1	1	1	5	11.61	0.67	1.5	7.74	17.41	0	0.97	0	0	0	0	3	2	3	2	1	-1
samp 	2	1	1	1	5	11.61	0.67	1.5	7.74	17.41	0	0.97	0	0	0	0	3	2	3	2	1	-1
samp 	2	1	1	1	8	22.46	0.5	2	11.23	44.92	0.01	2.5	0	0	0	0	4	3	5	3	1	-1
samp 	4	1	1	1	5	11.61	0.67	1.5	7.74	17.41	0	0.97	0	0	0	0	3	2	3	2	1	-1
samp 	4	1	1	1	5	11.61	0.67	1.5	7.74	17.41	0	0.97	0	0	0	0	3	2	3	2	1	-1
samp 	16	2	1	2	20	76.15	0.19	5.33	14.28	406.12	0.03	22.56	8	0	1	0	8	6	12	8	3	-1
samp 	18	1	1	1	45	203.56	0.12	8.25	24.67	1679.37	0.07	93.3	12	0	1	0	11	12	27	18	1	-1
samp 	7	1	1	1	17	58.81	0.44	2.29	25.73	134.42	0.02	7.47	5	0	0	0	4	7	9	8	1	-1
samp 	2	1	1	1	5	11.61	0.67	1.5	7.74	17.41	0	0.97	0	0	0	0	3	2	3	2	1	-1
samp 	2	1	1	1	4	8	0.67	1.5	5.33	12	0	0.67	0	0	0	0	3	1	3	1	1	-1
samp 	2	1	1	1	5	11.61	0.67	1.5	7.74	17.41	0	0.97	0	0	0	0	3	2	3	2	1	-1
samp 	2	1	1	1	5	11.61	0.67	1.5	7.74	17.41	0	0.97	0	0	0	0	3	2	3	2	1	-1
samp 	10	2	1	2	22	78.87	0.24	4.2	18.78	331.25	0.03	18.4	8	0	0	0	7	5	16	6	3	-1
samp 	5	1	1	1	6	15.51	0.5	2	7.75	31.02	0.01	1.72	2	0	1	0	4	2	4	2	1	-1
samp 	3	1	1	1	1	0	0	0	0	0	0	0	1	0	0	0	1	0	1	0	1	-1
samp 	3	1	1	1	1	0	0	0	0	0	0	0	1	0	0	0	1	0	1	0	1	-1
samp 	3	1	1	1	1	0	0	0	0	0	0	0	1	0	0	0	1	0	1	0	1	-1
samp 	3	1	1	1	1	0	0	0	0	0	0	0	1	0	0	0	1	0	1	0	1	-1
samp 	3	1	1	1	1	0	0	0	0	0	0	0	1	0	0	0	1	0	1	0	1	-1
samp 	3	1	1	1	1	0	0	0	0	0	0	0	1	0	0	0	1	0	1	0	1	-1
samp 	3	1	1	1	1	0	0	0	0	0	0	0	1	0	0	0	1	0	1	0	1	-1
samp 	3	1	1	1	1	0	0	0	0	0	0	0	1	0	0	0	1	0	1	0	1	-1
samp 	3	1	1	1	1	0	0	0	0	0	0	0	1	0	0	0	1	0	1	0	1	-1
samp 	13	3	1	3	23	85.11	0.16	6.4	13.3	544.7	0.03	30.26	10	1	0	0	8	5	15	8	5	-1
samp 	27	6	1	2	64	300.83	0.04	22.4	13.43	6738.55	0.1	374.36	19	5	0	0	16	10	36	28	11	-1
samp 	43	4	1	2	111	590.73	0.1	9.63	61.35	5688.55	0.2	316.03	25	2	3	0	13	27	71	40	7	-1
samp 	9	1	1	1	20	76.15	0.21	4.67	16.32	355.35	0.03	19.74	6	0	0	0	8	6	13	7	1	-1
samp 	23	1	1	1	69	331.71	0.18	5.6	59.23	1857.56	0.11	103.2	13	0	0	0	8	20	41	28	1	-1
samp 	25	4	1	3	64	293.44	0.11	8.93	32.87	2619.98	0.1	145.55	21	1	1	0	10	14	39	25	7	-1
samp 	4	1	1	1	5	11.61	0.5	2	5.8	23.22	0	1.29	2	0	0	0	4	1	4	1	1	-1
samp 	4	1	1	1	5	11.61	0.5	2	5.8	23.22	0	1.29	2	0	0	0	4	1	4	1	1	-1
samp 	4	1	1	1	8	22.46	0.33	3	7.49	67.38	0.01	3.74	2	0	0	0	6	1	7	1	1	-1
samp 	11	1	1	1	25	100	0.2	5	20	500	0.03	27.78	7	0	0	0	8	8	15	10	1	-1
samp 	4	1	1	1	5	11.61	0.67	1.5	7.74	17.41	0	0.97	2	0	0	0	3	2	3	2	1	-1
samp 	74	6	5	6	155	781.88	0.05	18.79	41.61	14691.13	0.26	816.17	54	7	7	4	14	19	104	51	11	-1
samp 	44	4	1	4	99	490.47	0.08	12.63	38.83	6195.35	0.16	344.19	38	0	3	0	12	19	59	40	7	-1
samp 	20	1	1	1	62	291.43	0.18	5.56	52.46	1619.04	0.1	89.95	12	0	0	0	8	18	37	25	1	-1
samp 	13	1	1	1	20	78.14	0.33	3	26.05	234.41	0.03	13.02	9	0	0	0	6	9	11	9	1	-1
samp 	5	1	1	1	7	19.65	0.5	2	9.83	39.3	0.01	2.18	3	0	0	0	4	3	4	3	1	-1
samp 	19	2	1	1	22	85.95	0.11	9	9.55	773.56	0.03	42.98	8	5	3	0	10	5	13	9	3	-1
samp 	9	1	1	1	11	34.87	0.32	3.12	11.16	108.97	0.01	6.05	4	2	0	0	5	4	6	5	1	-1
samp 	19	2	1	1	23	92	0.1	9.9	9.29	910.8	0.03	50.6	8	5	3	0	11	5	14	9	3	-1
samp 	46	4	1	4	97	485	0.09	11.4	42.54	5529	0.16	307.17	38	0	3	0	12	20	59	38	7	-1
samp 	68	9	8	9	191	1029.93	0.04	24.14	42.66	24862.57	0.34	1381.25	49	7	10	0	17	25	120	71	17	-1
samp 	20	1	1	1	62	291.43	0.18	5.56	52.46	1619.04	0.1	89.95	12	0	0	0	8	18	37	25	1	-1
samp 	14	1	1	1	20	78.14	0.33	3	26.05	234.41	0.03	13.02	9	0	0	0	6	9	11	9	1	-1
samp 	5	1	1	1	7	19.65	0.5	2	9.83	39.3	0.01	2.18	3	0	0	0	4	3	4	3	1	-1
samp 	22	1	1	1	69	331.71	0.18	5.6	59.23	1857.56	0.11	103.2	13	0	0	0	8	20	41	28	1	-1
samp 	16	1	1	1	22	88	0.33	3	29.33	264	0.03	14.67	10	0	0	0	6	10	12	10	1	-1
samp 	5	1	1	1	7	19.65	0.5	2	9.83	39.3	0.01	2.18	3	0	0	0	4	3	4	3	1	-1
samp 	41	3	1	3	92	446.93	0.09	11.61	38.49	5189.4	0.15	288.3	34	0	4	0	11	18	54	38	5	-1
samp 	14	1	1	1	26	106.27	0.2	4.89	21.74	519.55	0.04	28.86	8	0	0	0	8	9	15	11	1	-1
samp 	10	1	1	1	17	64.73	0.33	3	21.58	194.18	0.02	10.79	6	0	0	0	6	8	9	8	1	-1
samp 	44	4	1	4	101	505	0.08	12	42.08	6060	0.17	336.67	38	0	3	0	12	20	61	40	7	-1
samp 	34	2	1	2	56	245.97	0.09	11	22.36	2705.67	0.08	150.31	17	6	9	0	11	10	36	20	3	-1
samp 	7	1	1	1	15	51.89	0.23	4.38	11.86	227.03	0.02	12.61	4	0	1	0	7	4	10	5	1	-1
samp 	5	1	1	1	13	44.97	0.33	3	14.99	134.92	0.01	7.5	3	0	0	0	6	5	8	5	1	-1
samp 	7	1	1	1	15	51.89	0.23	4.38	11.86	227.03	0.02	12.61	4	0	1	0	7	4	10	5	1	-1
samp 	20	1	1	1	62	291.43	0.18	5.56	52.46	1619.04	0.1	89.95	12	0	0	0	8	18	37	25	1	-1
samp 	9	1	1	1	20	78.14	0.33	3	26.05	234.41	0.03	13.02	4	0	1	0	6	9	11	9	1	-1
samp 	5	1	1	1	7	19.65	0.5	2	9.83	39.3	0.01	2.18	3	0	0	0	4	3	4	3	1	-1
samp 	74	9	7	6	177	1036.85	0.05	18.76	55.28	19447.82	0.35	1080.43	58	5	6	0	19	39	100	77	17	-1
samp 	25	3	1	2	50	226.18	0.1	10.08	22.43	2280.63	0.08	126.7	17	1	2	0	11	12	28	22	5	-1
samp 	82	7	1	6	218	1303.05	0.05	21.63	60.25	28182.18	0.43	1565.68	62	10	8	0	20	43	125	93	13	-1
samp 	12	1	1	1	25	100	0.2	5	20	500	0.03	27.78	7	0	0	0	8	8	15	10	1	-1
samp 	13	1	1	1	34	141.78	0.19	5.2	27.26	737.24	0.05	40.96	8	0	0	0	8	10	21	13	1	-1
samp 	15	2	1	2	28	109.39	0.16	6.29	17.4	687.61	0.04	38.2	10	1	2	0	8	7	17	11	3	-1
samp 	22	1	1	1	6	15.51	0.5	2	7.75	31.02	0.01	1.72	2	17	1	0	4	2	4	2	1	-1
samp 	27	2	1	2	35	153.73	0.07	15	10.25	2305.97	0.05	128.11	12	12	0	0	14	7	20	15	3	-1
samp 	34	3	1	3	67	311.14	0.09	11.54	26.97	3590.06	0.1	199.45	24	6	1	1	12	13	42	25	5	-1
samp 	44	4	1	4	103	536.57	0.1	9.84	54.53	5279.89	0.18	293.33	38	0	1	0	12	25	62	41	7	-1
samp 	7	1	1	1	13	44.97	0.33	3	14.99	134.92	0.01	7.5	3	0	0	0	6	5	8	5	1	-1
samp 	8	1	1	1	15	51.89	0.19	5.25	9.88	272.43	0.02	15.14	5	0	0	0	7	4	9	6	1	-1
samp 	102	13	10	11	304	1899.37	0.03	28.86	65.81	54815.82	0.63	3045.32	85	3	6	5	26	50	193	111	25	-1
samp 	9	1	1	1	18	68.53	0.21	4.67	14.69	319.82	0.02	17.77	6	0	0	0	8	6	11	7	1	-1
samp 	13	2	1	2	21	75.28	0.14	7	10.75	526.99	0.03	29.28	9	0	2	0	8	4	14	7	3	-1
samp 	40	5	1	4	81	412.08	0.1	9.55	43.17	3933.53	0.14	218.53	30	0	1	0	12	22	46	35	9	-1
samp 	5	1	1	1	11	34.87	0.5	2	17.43	69.74	0.01	3.87	4	0	0	0	4	5	6	5	1	-1
samp 	5	1	1	1	3	4.75	2	0.5	9.51	2.38	0	0.13	3	0	0	0	1	2	1	2	1	-1
samp 	6	1	1	1	3	4.75	2	0.5	9.51	2.38	0	0.13	3	0	0	0	1	2	1	2	1	-1
samp 	39	5	5	5	132	677.07	0.09	11.22	60.36	7594.91	0.23	421.94	33	3	1	0	12	23	89	43	9	-1
samp 	3	1	1	1	1	0	0	0	0	0	0	0	1	0	0	0	1	0	1	0	1	-1
samp 	3	1	1	1	1	0	0	0	0	0	0	0	1	0	0	0	1	0	1	0	1	-1
samp 	3	1	1	1	1	0	0	0	0	0	0	0	1	0	0	0	1	0	1	0	1	-1
samp 	1	1	1	1	0	0	0	0	0	0	0	0	0	0	0	0	0	0	0	0	1	-1
samp 	34	1	1	1	90	465.29	0.23	4.34	107.09	2021.62	0.16	112.31	30	2	1	0	7	29	54	36	1	-1
samp 	3	1	1	1	1	0	0	0	0	0	0	0	1	0	0	0	1	0	1	0	1	-1
samp 	8	1	1	1	21	66.57	0.4	2.5	26.63	166.42	0.02	9.25	7	0	0	0	3	6	11	10	1	-1
samp 	8	1	1	1	22	76.11	0.35	2.86	26.64	217.45	0.03	12.08	7	0	0	0	4	7	12	10	1	-1
samp 	39	3	1	3	71	341.32	0.07	13.43	25.41	4585.09	0.11	254.73	26	4	5	0	13	15	40	31	5	-1
samp 	34	3	1	3	73	339	0.07	15.23	22.26	5163.25	0.11	286.85	24	5	1	1	12	13	40	33	5	-1
samp 	4	1	1	1	5	11.61	0.5	2	5.8	23.22	0	1.29	2	0	0	0	4	1	4	1	1	-1
samp 	6	1	1	1	11	36.54	0.33	3	12.18	109.62	0.01	6.09	3	0	0	0	6	4	7	4	1	-1
samp 	24	4	3	2	43	191.76	0.13	8	23.97	1534.04	0.06	85.22	18	0	2	0	11	11	27	16	7	-1
samp 	6	1	1	1	9	28.53	0.33	3	9.51	85.59	0.01	4.75	3	0	0	0	6	3	6	3	1	-1
samp 	8	1	1	1	22	81.41	0.21	4.67	17.44	379.91	0.03	21.11	5	0	0	0	7	6	14	8	1	-1
samp 	6	1	1	1	11	36.54	0.4	2.5	14.62	91.35	0.01	5.08	3	0	0	0	5	5	6	5	1	-1
samp 	12	1	1	1	25	100	0.2	5	20	500	0.03	27.78	7	0	0	0	8	8	15	10	1	-1
samp 	4	1	1	1	5	11.61	0.5	2	5.8	23.22	0	1.29	2	0	0	0	4	1	4	1	1	-1
samp 	7	1	1	1	8	24	0.33	3	8	72	0.01	4	3	1	1	0	6	2	6	2	1	-1
samp 	4	1	1	1	6	15.51	0.5	2	7.75	31.02	0.01	1.72	2	0	0	0	4	2	4	2	1	-1
samp 	4	1	1	1	5	11.61	0.5	2	5.8	23.22	0	1.29	2	0	0	0	4	1	4	1	1	-1
samp 	4	1	1	1	6	15.51	0.5	2	7.75	31.02	0.01	1.72	2	0	0	0	4	2	4	2	1	-1
samp 	4	1	1	1	5	11.61	0.5	2	5.8	23.22	0	1.29	2	0	0	0	4	1	4	1	1	-1
samp 	4	1	1	1	5	11.61	0.5	2	5.8	23.22	0	1.29	2	0	0	0	4	1	4	1	1	-1
samp 	7	1	1	1	14	50.19	0.29	3.5	14.34	175.66	0.02	9.76	4	0	0	0	7	5	9	5	1	-1
samp 	6	1	1	1	10	31.7	0.33	3	10.57	95.1	0.01	5.28	4	0	0	0	6	3	7	3	1	-1
samp 	6	1	1	1	14	50.19	0.29	3.5	14.34	175.66	0.02	9.76	4	0	0	0	7	5	9	5	1	-1
samp 	6	1	1	1	10	31.7	0.33	3	10.57	95.1	0.01	5.28	4	0	0	0	6	3	7	3	1	-1
samp 	1	1	1	1	4	8	0.67	1.5	5.33	12	0	0.67	0	0	0	0	3	1	3	1	1	-1
samp 	2	1	1	1	4	8	0.67	1.5	5.33	12	0	0.67	0	0	0	0	3	1	3	1	1	-1
samp 	4	1	1	1	8	22.46	0.33	3	7.49	67.38	0.01	3.74	2	0	0	0	6	1	7	1	1	-1
samp 	1	1	1	1	4	8	0.67	1.5	5.33	12	0	0.67	0	0	0	0	3	1	3	1	1	-1
samp 	9	1	1	1	18	68.53	0.21	4.67	14.69	319.82	0.02	17.77	6	0	0	0	8	6	11	7	1	-1
samp 	26	5	4	5	70	332.84	0.06	17.45	19.07	5809.61	0.11	322.76	22	0	2	0	16	11	46	24	9	-1
samp 	17	2	1	2	37	159.91	0.17	6	26.65	959.47	0.05	53.3	14	0	0	0	10	10	25	12	3	-1
samp 	1	1	1	1	4	8	0.67	1.5	5.33	12	0	0.67	0	0	0	0	3	1	3	1	1	-1
samp 	31	4	3	3	75	368.02	0.08	13	28.31	4784.22	0.12	265.79	28	0	1	0	15	15	49	26	7	-1
samp 	4	1	1	1	4	8	0.67	1.5	5.33	12	0	0.67	2	0	0	0	3	1	3	1	1	-1
samp 	4	1	1	1	4	8	0.67	1.5	5.33	12	0	0.67	2	0	0	0	3	1	3	1	1	-1
samp 	1	1	1	1	5	11.61	0.5	2	5.8	23.22	0	1.29	0	0	0	0	4	1	4	1	1	-1
samp 	1	1	1	1	4	8	0.67	1.5	5.33	12	0	0.67	0	0	0	0	3	1	3	1	1	-1
samp 	6	1	1	1	15	53.77	0.22	4.5	11.95	241.98	0.02	13.44	4	0	0	0	9	3	12	3	1	-1
samp 	6	1	1	1	14	50.19	0.29	3.5	14.34	175.66	0.02	9.76	4	0	0	0	7	5	9	5	1	-1
samp 	7	1	1	1	14	50.19	0.29	3.5	14.34	175.66	0.02	9.76	4	0	0	0	7	5	9	5	1	-1
samp 	1	1	1	1	4	8	0.67	1.5	5.33	12	0	0.67	0	0	0	0	3	1	3	1	1	-1
samp 	40	4	1	4	100	500	0.07	15.17	32.97	7583.33	0.17	421.3	36	0	2	0	14	18	61	39	7	-1
samp 	6	1	1	1	12	41.51	0.29	3.5	11.86	145.3	0.01	8.07	3	0	0	0	7	4	8	4	1	-1
samp 	21	4	1	4	62	280.46	0.07	14.3	19.61	4010.59	0.09	222.81	17	0	2	0	13	10	40	22	7	-1
samp 	1	1	1	1	4	8	0.67	1.5	5.33	12	0	0.67	0	0	0	0	3	1	3	1	1	-1
samp 	1	1	1	1	4	8	0.67	1.5	5.33	12	0	0.67	0	0	0	0	3	1	3	1	1	-1
samp 	1	1	1	1	4	8	0.67	1.5	5.33	12	0	0.67	0	0	0	0	3	1	3	1	1	-1
samp 	1	1	1	1	4	8	0.67	1.5	5.33	12	0	0.67	0	0	0	0	3	1	3	1	1	-1
samp 	10	1	1	1	18	68.53	0.21	4.67	14.69	319.82	0.02	17.77	6	0	0	0	8	6	11	7	1	-1
samp 	17	2	1	2	37	159.91	0.17	6	26.65	959.47	0.05	53.3	14	0	0	0	10	10	25	12	3	-1
samp 	26	5	4	5	71	333.73	0.06	16.36	20.39	5461.06	0.11	303.39	22	0	2	0	15	11	47	24	9	-1
samp 	1	1	1	1	4	8	0.67	1.5	5.33	12	0	0.67	0	0	0	0	3	1	3	1	1	-1
samp 	1	1	1	1	4	8	0.67	1.5	5.33	12	0	0.67	0	0	0	0	3	1	3	1	1	-1
samp 	1	1	1	1	4	8	0.67	1.5	5.33	12	0	0.67	0	0	0	0	3	1	3	1	1	-1
samp 	1	1	1	1	4	8	0.67	1.5	5.33	12	0	0.67	0	0	0	0	3	1	3	1	1	-1
samp 	4	1	1	1	4	8	0.67	1.5	5.33	12	0	0.67	2	0	0	0	3	1	3	1	1	-1
samp 	4	1	1	1	4	8	0.67	1.5	5.33	12	0	0.67	2	0	0	0	3	1	3	1	1	-1
samp 	4	1	1	1	4	8	0.67	1.5	5.33	12	0	0.67	2	0	0	0	3	1	3	1	1	-1
samp 	4	1	1	1	4	8	0.67	1.5	5.33	12	0	0.67	2	0	0	0	3	1	3	1	1	-1
samp 	19	2	1	2	47	218.26	0.15	6.68	32.68	1457.67	0.07	80.98	16	0	0	0	11	14	30	17	3	-1
samp 	11	1	1	1	18	68.53	0.21	4.67	14.69	319.82	0.02	17.77	6	0	0	0	8	6	11	7	1	-1
samp 	39	4	1	4	100	490.69	0.07	14.91	32.91	7317.04	0.16	406.5	35	0	2	0	13	17	61	39	7	-1
samp 	1	1	1	1	4	8	0.67	1.5	5.33	12	0	0.67	0	0	0	0	3	1	3	1	1	-1
samp 	9	2	1	1	13	41.21	0.25	4	10.3	164.84	0.01	9.16	7	0	0	0	6	3	9	4	3	-1
samp 	1	1	1	1	4	8	0.67	1.5	5.33	12	0	0.67	0	0	0	0	3	1	3	1	1	-1
samp 	1	1	1	1	4	8	0.67	1.5	5.33	12	0	0.67	0	0	0	0	3	1	3	1	1	-1
samp 	4	1	1	1	5	11.61	0.5	2	5.8	23.22	0	1.29	2	0	0	0	4	1	4	1	1	-1
samp 	6	1	1	1	12	41.51	0.29	3.5	11.86	145.3	0.01	8.07	4	0	0	0	7	4	8	4	1	-1
samp 	2	1	1	1	5	11.61	0.5	2	5.8	23.22	0	1.29	0	0	0	0	4	1	4	1	1	-1
samp 	4	1	1	1	6	15.51	0.5	2	7.75	31.02	0.01	1.72	2	0	0	0	4	2	4	2	1	-1
samp 	49	4	1	4	109	559.09	0.09	11.74	47.63	6563.25	0.19	364.63	41	0	3	0	12	23	64	45	7	-1
samp 	24	1	1	1	76	372.92	0.18	5.64	66.16	2101.93	0.12	116.77	14	0	0	0	8	22	45	31	1	-1
samp 	46	3	1	3	62	284.27	0.09	11	25.84	3126.94	0.09	173.72	24	11	9	0	12	12	40	22	5	-1
samp 	18	1	1	1	24	98.1	0.33	3	32.7	294.3	0.03	16.35	12	0	0	0	6	11	13	11	1	-1
samp 	5	1	1	1	7	19.65	0.5	2	9.83	39.3	0.01	2.18	3	0	0	0	4	3	4	3	1	-1
samp 	43	4	1	4	105	525	0.08	12.9	40.7	6772.5	0.18	376.25	37	0	3	0	12	20	62	43	7	-1
samp 	20	1	1	1	62	291.43	0.18	5.56	52.46	1619.04	0.1	89.95	12	0	0	0	8	18	37	25	1	-1
samp 	9	1	1	1	20	78.14	0.33	3	26.05	234.41	0.03	13.02	4	0	1	0	6	9	11	9	1	-1
samp 	5	1	1	1	7	19.65	0.5	2	9.83	39.3	0.01	2.18	3	0	0	0	4	3	4	3	1	-1
samp 	4	1	1	1	8	22.46	0.33	3	7.49	67.38	0.01	3.74	2	0	0	0	6	1	7	1	1	-1
samp 	162	28	16	16	482	2881.05	0.02	51.24	56.22	147636.19	0.96	8202.01	144	5	4	5	22	41	291	191	55	-1
samp 	4	1	1	1	5	11.61	0.5	2	5.8	23.22	0	1.29	2	0	0	0	4	1	4	1	1	-1
samp 	20	3	1	3	33	147.16	0.11	8.75	16.82	1287.66	0.05	71.54	13	1	2	2	14	8	23	10	5	-1
samp 	20	3	1	3	33	147.16	0.11	8.75	16.82	1287.66	0.05	71.54	13	1	2	2	14	8	23	10	5	-1
samp 	20	3	1	3	33	147.16	0.11	8.75	16.82	1287.66	0.05	71.54	13	1	2	2	14	8	23	10	5	-1
samp 	20	3	1	3	33	147.16	0.11	8.75	16.82	1287.66	0.05	71.54	13	1	2	2	14	8	23	10	5	-1
samp 	20	3	1	3	33	147.16	0.11	8.75	16.82	1287.66	0.05	71.54	13	1	2	2	14	8	23	10	5	-1
samp 	19	3	1	3	32	140.55	0.12	8.13	17.3	1142	0.05	63.44	13	1	1	2	13	8	22	10	5	-1
samp 	19	3	1	3	33	147.16	0.11	8.75	16.82	1287.66	0.05	71.54	13	1	1	2	14	8	23	10	5	-1
samp 	20	3	1	3	33	147.16	0.11	8.75	16.82	1287.66	0.05	71.54	13	1	2	2	14	8	23	10	5	-1
samp 	20	3	1	3	33	147.16	0.11	8.75	16.82	1287.66	0.05	71.54	13	1	2	2	14	8	23	10	5	-1
samp 	20	3	1	3	33	147.16	0.11	8.75	16.82	1287.66	0.05	71.54	13	1	2	2	14	8	23	10	5	-1
samp 	20	3	1	3	33	147.16	0.11	8.75	16.82	1287.66	0.05	71.54	13	1	2	2	14	8	23	10	5	-1
samp 	20	3	1	3	33	147.16	0.11	8.75	16.82	1287.66	0.05	71.54	13	1	2	2	14	8	23	10	5	-1
samp 	20	3	1	3	35	156.08	0.12	8.67	18.01	1352.69	0.05	75.15	13	1	2	2	13	9	23	12	5	-1
samp 	19	3	1	3	32	140.55	0.12	8.13	17.3	1142	0.05	63.44	13	1	1	2	13	8	22	10	5	-1
samp 	4	1	1	1	9	28.53	0.29	3.5	8.15	99.85	0.01	5.55	2	0	0	0	7	2	7	2	1	-1
samp 	64	6	1	6	145	760.95	0.04	27	28.18	20545.64	0.25	1141.42	45	5	3	7	18	20	85	60	11	-1
samp 	4	1	1	1	5	11.61	0.5	2	5.8	23.22	0	1.29	2	0	0	0	4	1	4	1	1	-1
samp 	4	1	1	1	5	11.61	0.5	2	5.8	23.22	0	1.29	2	0	0	0	4	1	4	1	1	-1
samp 	4	1	1	1	6	15.51	0.5	2	7.75	31.02	0.01	1.72	2	0	0	0	4	2	4	2	1	-1
samp 	19	3	1	3	32	140.55	0.12	8.13	17.3	1142	0.05	63.44	13	1	1	2	13	8	22	10	5	-1
samp 	19	3	1	3	32	140.55	0.12	8.13	17.3	1142	0.05	63.44	13	1	1	2	13	8	22	10	5	-1
samp 	6	1	1	1	10	31.7	0.33	3	10.57	95.1	0.01	5.28	4	0	0	0	6	3	7	3	1	-1
samp 	4	1	1	1	6	15.51	0.5	2	7.75	31.02	0.01	1.72	2	0	0	0	4	2	4	2	1	-1
samp 	4	1	1	1	5	11.61	0.5	2	5.8	23.22	0	1.29	2	0	0	0	4	1	4	1	1	-1
samp 	6	1	1	1	12	41.51	0.29	3.5	11.86	145.3	0.01	8.07	4	0	0	0	7	4	8	4	1	-1
samp 	6	1	1	1	12	41.51	0.29	3.5	11.86	145.3	0.01	8.07	4	0	0	0	7	4	8	4	1	-1
samp 	9	1	1	1	22	81.41	0.21	4.67	17.44	379.91	0.03	21.11	5	0	1	0	7	6	14	8	1	-1
samp 	54	5	1	5	118	614.72	0.09	11.52	53.36	7081.52	0.2	393.42	48	0	2	0	12	25	70	48	9	-1
samp 	112	6	1	6	229	1305.4	0.06	16.5	79.12	21539.11	0.44	1196.62	77	18	15	0	13	39	130	99	11	-1
samp 	11	1	1	1	29	113.3	0.21	4.81	23.54	545.26	0.04	30.29	6	0	1	0	7	8	18	11	1	-1
samp 	22	1	1	1	69	331.71	0.18	5.6	59.23	1857.56	0.11	103.2	13	0	0	0	8	20	41	28	1	-1
samp 	17	1	1	1	22	88	0.33	3	29.33	264	0.03	14.67	11	0	1	0	6	10	12	10	1	-1
samp 	5	1	1	1	7	19.65	0.5	2	9.83	39.3	0.01	2.18	3	0	0	0	4	3	4	3	1	-1
samp 	14	1	1	1	34	141.78	0.19	5.2	27.26	737.24	0.05	40.96	8	0	0	0	8	10	21	13	1	-1
samp 	10	1	1	1	20	76.15	0.21	4.67	16.32	355.35	0.03	19.74	6	0	0	0	8	6	13	7	1	-1
samp 	8	1	1	1	15	51.89	0.23	4.38	11.86	227.03	0.02	12.61	4	1	1	0	7	4	10	5	1	-1
samp 	11	1	1	1	25	100	0.2	5	20	500	0.03	27.78	7	0	0	0	8	8	15	10	1	-1
samp 	6	1	1	1	13	44.97	0.29	3.5	12.85	157.4	0.01	8.74	2	0	0	0	7	4	9	4	1	-1
samp 	7	1	1	1	12	41.51	0.29	3.5	11.86	145.3	0.01	8.07	4	0	0	0	7	4	8	4	1	-1
samp 	6	1	1	1	10	31.7	0.33	3	10.57	95.1	0.01	5.28	4	0	0	0	6	3	7	3	1	-1
samp 	5	1	1	1	11	36.54	0.29	3.5	10.44	127.89	0.01	7.11	2	0	0	0	7	3	8	3	1	-1
samp 	12	3	3	3	33	134.89	0.11	9.17	14.71	1236.46	0.04	68.69	9	0	1	0	11	6	23	10	5	-1
samp 	16	1	1	1	4	8	0.67	1.5	5.33	12	0	0.67	3	11	0	0	3	1	3	1	1	-1
samp 	25	4	1	2	50	232.19	0.09	10.82	21.46	2511.9	0.08	139.55	17	2	1	0	14	11	33	17	7	-1
samp 	4	1	1	1	6	15.51	0.5	2	7.75	31.02	0.01	1.72	2	0	0	0	4	2	4	2	1	-1
samp 	4	1	1	1	8	24	0.4	2.5	9.6	60	0.01	3.33	2	0	0	0	5	3	5	3	1	-1
samp 	11	2	1	2	27	99.91	0.11	8.8	11.35	879.22	0.03	48.85	9	0	0	0	8	5	16	11	3	-1
samp 	10	2	1	1	17	64.73	0.22	4.5	14.38	291.26	0.02	16.18	5	1	1	1	9	5	12	5	3	-1
samp 	40	3	3	3	60	282.03	0.07	13.42	21.02	3783.85	0.09	210.21	19	13	3	2	14	12	37	23	5	-1
samp 	24	2	1	2	65	322.02	0.14	6.9	46.64	2223.49	0.11	123.53	19	0	1	0	10	21	36	29	3	-1
samp 	9	1	1	1	20	76.15	0.21	4.67	16.32	355.35	0.03	19.74	6	0	0	0	8	6	13	7	1	-1
samp 	6	1	1	1	4	8	0.67	1.5	5.33	12	0	0.67	3	0	0	0	3	1	3	1	1	-1
samp 	16	1	1	1	48	214.05	0.18	5.43	39.43	1162	0.07	64.56	10	0	0	0	8	14	29	19	1	-1
samp 	27	1	1	1	4	8	0.67	1.5	5.33	12	0	0.67	3	21	0	0	3	1	3	1	1	-1
samp 	15	1	1	1	34	141.78	0.19	5.2	27.26	737.24	0.05	40.96	8	0	0	0	8	10	21	13	1	-1
samp 	15	2	1	2	28	106.61	0.15	6.67	15.99	710.71	0.04	39.48	10	0	2	0	8	6	18	10	3	-1
samp 	4	1	1	1	8	22.46	0.33	3	7.49	67.38	0.01	3.74	2	0	0	0	6	1	7	1	1	-1
samp 	63	9	1	8	182	1052.21	0.04	23.33	45.09	24551.51	0.35	1363.97	57	2	2	0	22	33	112	70	17	-1
samp 	4	1	1	1	5	11.61	0.5	2	5.8	23.22	0	1.29	2	0	0	0	4	1	4	1	1	-1
samp 	4	1	1	1	7	18.09	0.4	2.5	7.24	45.24	0.01	2.51	2	0	0	0	5	1	6	1	1	-1
samp 	4	1	1	1	6	15.51	0.5	2	7.75	31.02	0.01	1.72	2	0	0	0	4	2	4	2	1	-1
samp 	4	1	1	1	5	11.61	0.5	2	5.8	23.22	0	1.29	2	0	0	0	4	1	4	1	1	-1
samp 	4	1	1	1	6	15.51	0.5	2	7.75	31.02	0.01	1.72	2	0	0	0	4	2	4	2	1	-1
samp 	29	3	1	3	46	216.22	0.11	9.33	23.17	2018.06	0.07	112.11	16	8	1	2	14	12	30	16	5	-1
samp 	27	3	1	3	46	216.22	0.11	9.33	23.17	2018.06	0.07	112.11	16	6	1	2	14	12	30	16	5	-1
samp 	4	1	1	1	5	11.61	0.5	2	5.8	23.22	0	1.29	2	0	0	0	4	1	4	1	1	-1
samp 	3	1	1	1	1	0	0	0	0	0	0	0	1	0	0	0	1	0	1	0	1	-1
samp 	5	2	1	2	9	27	0.22	4.5	6	121.5	0.01	6.75	3	0	0	0	6	2	6	3	3	-1
samp 	15	3	1	2	23	95.91	0.18	5.63	17.05	539.48	0.03	29.97	12	0	1	0	10	8	14	9	5	-1
samp 	3	1	1	1	1	0	0	0	0	0	0	0	1	0	0	0	1	0	1	0	1	-1
samp 	4	1	1	1	4	8	0.67	1.5	5.33	12	0	0.67	2	0	0	0	3	1	3	1	1	-1
samp 	3	1	1	1	1	0	0	0	0	0	0	0	1	0	0	0	1	0	1	0	1	-1
samp 	3	1	1	1	1	0	0	0	0	0	0	0	1	0	0	0	1	0	1	0	1	-1
samp 	8	1	1	1	11	36.54	0.4	2.5	14.62	91.35	0.01	5.08	3	0	0	0	5	5	6	5	1	-1
samp 	5	1	1	1	4	8	0.67	1.5	5.33	12	0	0.67	3	0	0	0	3	1	3	1	1	-1
samp 	22	2	1	2	50	219.62	0.11	9.35	23.49	2053.4	0.07	114.08	16	0	1	1	11	10	33	17	3	-1
samp 	30	3	1	3	81	361.21	0.09	11.67	30.96	4214.16	0.12	234.12	23	1	1	0	10	12	53	28	5	-1
samp 	5	1	1	1	4	8	0.67	1.5	5.33	12	0	0.67	3	0	0	0	3	1	3	1	1	-1
samp 	18	3	1	3	38	166.91	0.09	11.33	14.73	1891.62	0.06	105.09	14	0	2	0	12	9	21	17	5	-1
samp 	7	1	1	1	21	69.76	0.33	3	23.25	209.28	0.02	11.63	5	0	0	0	5	5	15	6	1	-1
samp 	26	3	1	3	53	252.01	0.11	9.2	27.39	2318.48	0.08	128.8	21	0	3	0	12	15	30	23	5	-1
samp 	13	1	1	1	27	108	0.2	5	21.6	540	0.04	30	7	0	1	0	8	8	17	10	1	-1
samp 	2	1	1	1	5	11.61	0.67	1.5	7.74	17.41	0	0.97	0	0	0	0	3	2	3	2	1	-1
samp 	2	2	1	2	7	18.09	0.2	5	3.62	90.47	0.01	5.03	0	0	0	0	5	1	5	2	3	-1
samp 	2	1	1	1	5	11.61	0.67	1.5	7.74	17.41	0	0.97	0	0	0	0	3	2	3	2	1	-1
samp 	5	1	1	1	13	43.19	0.33	3	14.4	129.56	0.01	7.2	1	0	0	0	6	4	9	4	1	-1
samp 	1	1	1	1	4	8	0.67	1.5	5.33	12	0	0.67	0	0	0	0	3	1	3	1	1	-1
samp 	1	1	1	1	4	8	0.67	1.5	5.33	12	0	0.67	0	0	0	0	3	1	3	1	1	-1
samp 	2	1	1	1	5	11.61	0.67	1.5	7.74	17.41	0	0.97	0	0	0	0	3	2	3	2	1	-1
samp 	18	3	1	3	39	178.81	0.11	8.86	20.17	1584.94	0.06	88.05	15	1	0	0	13	11	24	15	5	-1
samp 	1	1	1	1	6	15.51	0	0	0	0	0.01	0	0	0	0	0	6	0	6	0	1	-1
samp 	1	1	1	1	6	15.51	0	0	0	0	0.01	0	0	0	0	0	6	0	6	0	1	-1
samp 	19	2	1	2	39	176.42	0.17	5.79	30.49	1020.71	0.06	56.71	13	0	4	0	9	14	21	18	3	-1
samp 	4	1	1	1	3	4.75	1	1	4.75	4.75	0	0.26	0	0	0	0	2	1	2	1	1	-1
samp 	3	1	1	1	1	0	0	0	0	0	0	0	1	0	0	0	1	0	1	0	1	-1
samp 	2	1	1	1	3	4.75	1	1	4.75	4.75	0	0.26	0	0	0	0	2	1	2	1	1	-1
samp 	4	1	1	1	3	4.75	1	1	4.75	4.75	0	0.26	0	0	0	0	2	1	2	1	1	-1
samp 	26	3	1	3	88	423.05	0.06	17.5	24.17	7403.33	0.14	411.3	21	0	1	0	14	14	53	35	5	-1
samp 	1	1	1	1	0	0	0	0	0	0	0	0	0	0	0	0	0	0	0	0	1	-1
samp 	2	1	1	1	3	4.75	1	1	4.75	4.75	0	0.26	0	0	0	0	2	1	2	1	1	-1
samp 	4	1	1	1	3	4.75	1	1	4.75	4.75	0	0.26	0	0	0	0	2	1	2	1	1	-1
samp 	5	1	1	1	6	15.51	0.67	1.5	10.34	23.26	0.01	1.29	3	0	0	0	3	3	3	3	1	-1
samp 	1	1	1	1	0	0	0	0	0	0	0	0	0	0	0	0	0	0	0	0	1	-1
samp 	3	1	1	1	4	8	1	1	8	8	0	0.44	2	0	0	0	2	2	2	2	1	-1
samp 	4	1	1	1	4	8	1	1	8	8	0	0.44	1	0	0	0	2	2	2	2	1	-1
samp 	4	1	1	1	3	4.75	1	1	4.75	4.75	0	0.26	0	0	0	0	2	1	2	1	1	-1
samp 	23	3	1	3	52	252.62	0.12	8.53	29.61	2155.12	0.08	119.73	18	0	0	0	13	16	31	21	5	-1
samp 	2	1	1	1	3	4.75	1	1	4.75	4.75	0	0.26	0	0	0	0	2	1	2	1	1	-1
samp 	5	1	1	1	2	2	2	0.5	4	1	0	0.06	2	0	0	0	1	1	1	1	1	-1
samp 	3	1	1	1	1	0	0	0	0	0	0	0	1	0	0	0	1	0	1	0	1	-1
samp 	3	1	1	1	1	0	0	0	0	0	0	0	1	0	0	0	1	0	1	0	1	-1
samp 	4	1	1	1	2	2	2	0.5	4	1	0	0.06	3	0	0	0	1	1	1	1	1	-1
samp 	4	1	1	1	2	2	2	0.5	4	1	0	0.06	3	0	0	0	1	1	1	1	1	-1
samp 	3	1	1	1	1	0	0	0	0	0	0	0	1	0	0	0	1	0	1	0	1	-1
samp 	6	1	1	1	1	0	0	0	0	0	0	0	1	0	0	0	1	0	1	0	1	-1
samp 	4	1	1	1	4	8	0.67	1.5	5.33	12	0	0.67	2	0	0	0	3	1	3	1	1	-1
samp 	1	1	1	1	5	11.61	0.67	1.5	7.74	17.41	0	0.97	0	0	0	0	3	2	3	2	1	-1
samp 	4	1	1	1	3	4.75	1	1	4.75	4.75	0	0.26	0	0	0	0	2	1	2	1	1	-1
samp 	16	1	1	1	32	138.3	0.21	4.67	29.64	645.41	0.05	35.86	12	0	0	0	8	12	18	14	1	-1
samp 	11	2	1	2	19	76	0.22	4.5	16.89	342	0.03	19	8	0	1	0	9	7	12	7	3	-1
samp 	6	1	1	1	10	31.7	0.4	2.5	12.68	79.25	0.01	4.4	1	0	0	0	5	4	6	4	1	-1
samp 	8	1	1	1	8	24	0.4	2.5	9.6	60	0.01	3.33	3	0	1	0	5	3	5	3	1	-1
samp 	19	5	4	5	50	226.18	0.07	15	15.08	3392.67	0.08	188.48	13	0	0	0	15	8	34	16	9	-1
samp 	6	1	1	1	10	31.7	0.4	2.5	12.68	79.25	0.01	4.4	1	0	0	0	5	4	6	4	1	-1
samp 	9	1	1	1	8	24	0.4	2.5	9.6	60	0.01	3.33	3	0	1	0	5	3	5	3	1	-1
samp 	48	9	7	6	74	355.74	0.04	23.4	15.2	8324.42	0.12	462.47	35	4	3	0	18	10	48	26	17	-1
samp 	4	1	1	1	9	28.53	0.33	3	9.51	85.59	0.01	4.75	2	0	0	0	6	3	6	3	1	-1
samp 	2	1	1	1	4	8	0.67	1.5	5.33	12	0	0.67	0	0	0	0	3	1	3	1	1	-1
samp 	2	1	1	1	4	8	0.67	1.5	5.33	12	0	0.67	0	0	0	0	3	1	3	1	1	-1
samp 	52	6	5	5	139	729.46	0.06	15.65	46.6	11417.66	0.24	634.31	39	3	1	1	15	23	91	48	11	-1
samp 	2	1	1	1	4	8	0.67	1.5	5.33	12	0	0.67	0	0	0	0	3	1	3	1	1	-1
samp 	2	1	1	1	4	8	0.67	1.5	5.33	12	0	0.67	0	0	0	0	3	1	3	1	1	-1
samp 	2	1	1	1	4	8	0.67	1.5	5.33	12	0	0.67	0	0	0	0	3	1	3	1	1	-1
samp 	2	1	1	1	4	8	0.67	1.5	5.33	12	0	0.67	0	0	0	0	3	1	3	1	1	-1
samp 	2	1	1	1	4	8	0.67	1.5	5.33	12	0	0.67	0	0	0	0	3	1	3	1	1	-1
samp 	11	2	1	2	21	77.71	0.13	7.88	9.87	611.96	0.03	34	8	0	1	0	9	4	14	7	3	-1
samp 	2	1	1	1	4	8	0.67	1.5	5.33	12	0	0.67	0	0	0	0	3	1	3	1	1	-1
samp 	1	1	1	1	4	8	0.67	1.5	5.33	12	0	0.67	0	0	0	0	3	1	3	1	1	-1
samp 	2	1	1	1	4	8	0.67	1.5	5.33	12	0	0.67	0	0	0	0	3	1	3	1	1	-1
samp 	2	1	1	1	4	8	0.67	1.5	5.33	12	0	0.67	0	0	0	0	3	1	3	1	1	-1
samp 	2	1	1	1	4	8	0.67	1.5	5.33	12	0	0.67	0	0	0	0	3	1	3	1	1	-1
samp 	2	1	1	1	4	8	0.67	1.5	5.33	12	0	0.67	0	0	0	0	3	1	3	1	1	-1
samp 	2	1	1	1	4	8	0.67	1.5	5.33	12	0	0.67	0	0	0	0	3	1	3	1	1	-1
samp 	15	3	1	3	42	178.41	0.13	7.78	22.94	1387.66	0.06	77.09	11	0	2	0	10	9	28	14	5	-1
samp 	13	2	1	2	25	92.51	0.16	6.4	14.45	592.07	0.03	32.89	8	0	1	0	8	5	17	8	3	-1
samp 	2	1	1	1	4	8	0.67	1.5	5.33	12	0	0.67	0	0	0	0	3	1	3	1	1	-1
samp 	2	1	1	1	4	8	0.67	1.5	5.33	12	0	0.67	0	0	0	0	3	1	3	1	1	-1
samp 	2	1	1	1	4	8	0.67	1.5	5.33	12	0	0.67	0	0	0	0	3	1	3	1	1	-1
samp 	2	1	1	1	4	8	0.67	1.5	5.33	12	0	0.67	0	0	0	0	3	1	3	1	1	-1
samp 	2	1	1	1	4	8	0.67	1.5	5.33	12	0	0.67	0	0	0	0	3	1	3	1	1	-1
samp 	2	1	1	1	4	8	0.67	1.5	5.33	12	0	0.67	0	0	0	0	3	1	3	1	1	-1
samp 	2	1	1	1	4	8	0.67	1.5	5.33	12	0	0.67	0	0	0	0	3	1	3	1	1	-1
samp 	2	1	1	1	6	15.51	0.4	2.5	6.2	38.77	0.01	2.15	0	0	0	0	5	1	5	1	1	-1
samp 	6	1	1	1	5	11.61	0.67	1.5	7.74	17.41	0	0.97	2	0	0	0	3	2	3	2	1	-1
samp 	8	2	1	2	15	51.89	0.28	3.6	14.41	186.81	0.02	10.38	6	0	0	0	6	5	9	6	3	-1
samp 	1	1	1	1	4	8	0.67	1.5	5.33	12	0	0.67	0	0	0	0	3	1	3	1	1	-1
samp 	1	1	1	1	4	8	0.67	1.5	5.33	12	0	0.67	0	0	0	0	3	1	3	1	1	-1
samp 	2	2	1	1	8	24	0.4	2.5	9.6	60	0.01	3.33	0	0	0	0	5	3	5	3	3	-1
samp 	3	3	1	2	15	53.77	0.17	6	8.96	322.65	0.02	17.92	1	0	0	0	9	3	11	4	5	-1
samp 	2	1	1	1	4	8	0.67	1.5	5.33	12	0	0.67	0	0	0	0	3	1	3	1	1	-1
samp 	2	2	1	2	9	27	0.14	7	3.86	189	0.01	10.5	0	0	0	0	7	1	7	2	3	-1
samp 	2	1	1	1	4	8	0.67	1.5	5.33	12	0	0.67	0	0	0	0	3	1	3	1	1	-1
samp 	2	2	1	2	9	27	0.14	7	3.86	189	0.01	10.5	0	0	0	0	7	1	7	2	3	-1
samp 	3	3	3	2	14	53.3	0.22	4.5	11.85	239.86	0.02	13.33	1	0	0	0	9	5	9	5	5	-1
samp 	2	1	1	1	4	8	0.67	1.5	5.33	12	0	0.67	0	0	0	0	3	1	3	1	1	-1
samp 	2	1	1	1	5	11.61	0.67	1.5	7.74	17.41	0	0.97	0	0	0	0	3	2	3	2	1	-1
samp 	9	2	1	1	18	66.61	0.15	6.75	9.87	449.6	0.02	24.98	6	0	0	0	9	4	12	6	3	-1
samp 	54	6	1	6	132	733.21	0.06	15.83	46.32	11604.88	0.24	644.72	45	0	7	0	18	29	81	51	11	-1
samp 	24	3	1	3	58	262.37	0.14	7.07	37.1	1855.31	0.09	103.07	16	1	1	0	9	14	36	22	5	-1
samp 	15	1	1	1	29	116	0.2	5	23.2	580	0.04	32.22	7	1	2	0	8	8	19	10	1	-1
samp 	2	1	1	1	5	11.61	0.67	1.5	7.74	17.41	0	0.97	0	0	0	0	3	2	3	2	1	-1
samp 	3	1	1	1	9	23.26	0.5	2	11.63	46.53	0.01	2.58	1	0	0	0	3	3	5	4	1	-1
samp 	1	1	1	1	4	8	0	0	0	0	0	0	0	0	0	0	4	0	4	0	1	-1
samp 	1	1	1	1	4	8	0	0	0	0	0	0	0	0	0	0	4	0	4	0	1	-1
samp 	9	2	1	2	16	55.35	0.15	6.67	8.3	369.01	0.02	20.5	7	0	0	0	8	3	11	5	3	-1
samp 	4	1	1	1	4	8	0.67	1.5	5.33	12	0	0.67	0	0	0	0	3	1	3	1	1	-1
samp 	4	1	1	1	4	8	0.67	1.5	5.33	12	0	0.67	0	0	0	0	3	1	3	1	1	-1
samp 	4	1	1	1	4	8	0.67	1.5	5.33	12	0	0.67	0	0	0	0	3	1	3	1	1	-1
samp 	4	1	1	1	4	8	0.67	1.5	5.33	12	0	0.67	0	0	0	0	3	1	3	1	1	-1
samp 	4	1	1	1	4	8	0.67	1.5	5.33	12	0	0.67	0	0	0	0	3	1	3	1	1	-1
samp 	4	1	1	1	4	8	0.67	1.5	5.33	12	0	0.67	0	0	0	0	3	1	3	1	1	-1
samp 	15	3	1	3	43	185.84	0.08	13	14.3	2415.96	0.06	134.22	13	0	0	0	13	7	29	14	5	-1
samp 	15	3	1	3	39	176.42	0.09	10.89	16.2	1921.01	0.06	106.72	11	0	2	0	14	9	25	14	5	-1
samp 	4	1	1	1	4	8	0.67	1.5	5.33	12	0	0.67	0	0	0	0	3	1	3	1	1	-1
samp 	4	1	1	1	8	24	0.29	3.5	6.86	84	0.01	4.67	2	0	0	0	7	1	7	1	1	-1
samp 	4	1	1	1	8	24	0.29	3.5	6.86	84	0.01	4.67	2	0	0	0	7	1	7	1	1	-1
samp 	2	1	1	1	7	18.09	0.5	2	9.05	36.19	0.01	2	0	0	0	0	4	2	5	2	1	-1
samp 	26	3	1	3	67	298.78	0.12	8.65	34.53	2585.61	0.1	143.65	21	0	3	0	9	13	42	25	5	-1
samp 	19	4	1	3	39	156	0.08	13.33	11.7	2080	0.05	115.56	16	0	1	0	10	6	23	16	7	-1
samp 	19	4	1	3	39	156	0.08	13.33	11.7	2080	0.05	115.56	16	0	1	0	10	6	23	16	7	-1
samp 	20	5	1	3	37	151.24	0.13	7.56	20.02	1142.67	0.05	63.48	17	0	1	0	8	9	20	17	9	-1
samp 	20	5	1	3	37	151.24	0.13	7.56	20.02	1142.67	0.05	63.48	17	0	1	0	8	9	20	17	9	-1
samp 	4	1	1	1	6	15.51	0.5	2	7.75	31.02	0.01	1.72	0	0	0	0	4	2	4	2	1	-1
samp 	2	1	1	1	5	11.61	0.5	2	5.8	23.22	0	1.29	0	0	0	0	4	1	4	1	1	-1
samp 	2	1	1	1	5	11.61	0.67	1.5	7.74	17.41	0	0.97	0	0	0	0	3	2	3	2	1	-1
samp 	2	1	1	1	5	11.61	0.67	1.5	7.74	17.41	0	0.97	0	0	0	0	3	2	3	2	1	-1
samp 	2	1	1	1	5	11.61	0.67	1.5	7.74	17.41	0	0.97	0	0	0	0	3	2	3	2	1	-1
samp 	11	2	1	2	23	85.11	0.16	6.42	13.26	546.12	0.03	30.34	8	0	1	0	7	6	12	11	3	-1
samp 	10	2	1	2	22	83.76	0.18	5.5	15.23	460.69	0.03	25.59	8	0	0	0	7	7	11	11	3	-1
samp 	11	2	1	2	23	85.11	0.16	6.42	13.26	546.12	0.03	30.34	8	0	1	0	7	6	12	11	3	-1
samp 	10	2	1	2	22	83.76	0.18	5.5	15.23	460.69	0.03	25.59	8	0	0	0	7	7	11	11	3	-1
samp 	18	3	1	3	41	164	0.11	9	18.22	1476	0.05	82	14	0	2	0	9	7	27	14	5	-1
samp 	17	1	1	1	35	148.68	0.16	6.3	23.6	936.67	0.05	52.04	9	1	2	0	9	10	21	14	1	-1
samp 	15	2	1	2	26	108.42	0.18	5.5	19.71	596.3	0.04	33.13	12	0	1	0	9	9	15	11	3	-1
samp 	2	1	1	1	5	11.61	0.67	1.5	7.74	17.41	0	0.97	0	0	0	0	3	2	3	2	1	-1
samp 	1	1	1	1	5	11.61	0.67	1.5	7.74	17.41	0	0.97	0	0	0	0	3	2	3	2	1	-1
samp 	2	1	1	1	5	11.61	0.67	1.5	7.74	17.41	0	0.97	0	0	0	0	3	2	3	2	1	-1
samp 	19	2	1	2	39	159.41	0.16	6.22	25.62	991.89	0.05	55.11	11	1	3	0	8	9	25	14	3	-1
samp 	15	2	1	2	53	239.75	0.21	4.81	49.82	1153.79	0.08	64.09	12	0	1	0	7	16	31	22	3	-1
samp 	14	2	1	2	34	141.78	0.21	4.8	29.54	680.53	0.05	37.81	12	0	0	0	8	10	22	12	3	-1
samp 	14	2	1	2	31	121.11	0.15	6.86	17.66	830.49	0.04	46.14	9	0	1	0	8	7	19	12	3	-1
samp 	2	1	1	1	8	22.46	0.5	2	11.23	44.92	0.01	2.5	0	0	0	0	4	3	5	3	1	-1
samp 	14	2	1	2	28	109.39	0.19	5.14	21.27	562.59	0.04	31.26	11	0	1	0	8	7	19	9	3	-1
samp 	4	1	1	1	5	11.61	0.67	1.5	7.74	17.41	0	0.97	0	0	0	0	3	2	3	2	1	-1
samp 	19	2	1	2	40	175.69	0.15	6.82	25.77	1197.9	0.06	66.55	12	1	2	0	10	11	25	15	3	-1
samp 	23	3	3	3	60	278.63	0.1	9.69	28.75	2700.58	0.09	150.03	18	1	2	0	12	13	39	21	5	-1
samp 	2	1	1	1	4	8	0.67	1.5	5.33	12	0	0.67	0	0	0	0	3	1	3	1	1	-1
samp 	13	1	1	1	17	60.94	0.25	4	15.24	243.78	0.02	13.54	6	0	5	0	6	6	9	8	1	-1
samp 	11	2	1	2	27	102.8	0.17	6	17.13	616.79	0.03	34.27	9	0	0	0	8	6	18	9	3	-1
